행정구역_그룹,시간대,생활인구,총_주차면수,혼잡예상지수,총_관광객수,혼잡예상지수_v2
광탄면,00-06시,9331.702894736842,219,42.610515501081466,0.0,42.610515501081466
광탄면,06-09시,11499.760175438596,219,52.51032043579268,0.0,52.51032043579268
광탄면,12-15시,15522.214385964911,219,70.87769126011375,0.0,70.87769126011375
광탄면,18-21시,10815.397192982457,219,49.38537531042218,0.0,49.38537531042218
교하동,00-06시,8836.156929824561,198,44.62705520113415,0.0,44.62705520113415
교하동,06-09시,14351.473859649122,198,72.4821912103491,0.0,72.4821912103491
교하동,12-15시,30234.71350877193,198,152.7005732766259,0.0,152.7005732766259
교하동,18-21시,17299.623333333333,198,87.37183501683502,0.0,87.37183501683502
금촌,00-06시,80112.53429824562,1350,59.34261799870046,0.0,59.34261799870046
금촌,06-09시,78191.03771929824,1350,57.91928719948018,0.0,57.91928719948018
금촌,12-15시,75387.36403508772,1350,55.84249187784276,0.0,55.84249187784276
금촌,18-21시,80530.40421052632,1350,59.65215126705653,0.0,59.65215126705653
문산읍,00-06시,39444.47263157895,376,104.90551231802912,1814.278260869562,109.73072045863967
문산읍,06-09시,39246.72719298246,376,104.3795935983576,5717.321739130422,119.5852365215768
문산읍,12-15시,38152.36122807017,376,101.46904581933556,21007.61739130433,157.34036866854922
문산읍,18-21시,39688.02561403509,376,105.55325961179544,3111.682608695643,113.82901123066684
법원읍,00-06시,8594.993245614034,366,23.483588102770582,0.0,23.483588102770586
법원읍,06-09시,9575.033684210526,366,26.16129421915444,0.0,26.161294219154442
법원읍,12-15시,10776.018245614036,366,29.44267280222414,0.0,29.44267280222414
법원읍,18-21시,9242.627192982456,366,25.253079762247147,0.0,25.253079762247147
운정,00-06시,290056.929122807,3628,79.94953944950579,0.0,79.94953944950579
운정,06-09시,272002.44649122807,3628,74.9731109402503,0.0,74.9731109402503
운정,12-15시,231691.22631578948,3628,63.86196976730691,0.0,63.86196976730691
운정,18-21시,263501.2014035088,3628,72.62987910791311,0.0,72.62987910791311
월롱면,00-06시,11188.40596491228,224,49.94824091478697,0.0,49.94824091478696
월롱면,06-09시,24178.15631578947,224,107.93819783834586,0.0,107.93819783834586
월롱면,12-15시,35289.74228070176,224,157.5434923245614,0.0,157.5434923245614
월롱면,18-21시,14917.25,224,66.59486607142857,0.0,66.59486607142857
적성면,00-06시,6686.775614035088,403,16.592495320186323,0.0,16.592495320186323
적성면,06-09시,7331.884736842105,403,18.193262374298023,0.0,18.193262374298026
적성면,12-15시,8511.070701754386,403,21.119282138348357,0.0,21.119282138348353
적성면,18-21시,7620.591403508773,403,18.9096560881111,0.0,18.9096560881111
조리읍,00-06시,24346.444912280705,217,112.19559867410462,0.0,112.19559867410463
조리읍,06-09시,25423.210175438595,217,117.15765057805804,0.0,117.15765057805804
조리읍,12-15시,24173.67736842105,217,111.39943487751636,0.0,111.39943487751636
조리읍,18-21시,23366.58122807017,217,107.68009782520816,0.0,107.68009782520815
탄현면,00-06시,12688.236754385964,1574,8.061141521210905,3853.873913043476,10.509600169904346
탄현면,06-09시,15424.332631578947,1574,9.799448940012038,4802.07391304346,12.85032181996341
탄현면,12-15시,21990.41543859649,1574,13.971039033415812,40997.3869565216,40.01766352929993
탄현면,18-21시,16108.369824561403,1574,10.23403419603647,9859.465217391291,16.497989226145293
파주읍,00-06시,11629.456315789474,192,60.57008497807018,0.0,60.57008497807018
파주읍,06-09시,13168.620877192983,192,68.58656706871345,0.0,68.58656706871345
파주읍,12-15시,14764.103157894737,192,76.89637061403509,0.0,76.89637061403509
파주읍,18-21시,12302.949298245614,192,64.07786092836257,0.0,64.07786092836257
파평면,00-06시,3566.342807017544,268,13.30724927991621,0.0,13.30724927991621
파평면,06-09시,3917.506666666666,268,14.617562189054729,0.0,14.617562189054725
파평면,12-15시,4569.071052631579,268,17.04877258444619,0.0,17.04877258444619
파평면,18-21시,3960.5373684210526,268,14.77812450903378,0.0,14.778124509033779
